CREATE TABLE TF_DEPARTMENT
(
    ID NUMBER PRIMARY KEY,
    DEPTNO NUMBER NOT NULL UNIQUE,
    NAME VARCHAR2(60) NOT NULL,
    PARENT_DEPARTMENT_ID NUMBER,
    CREATED_AT DATE,
    STARTED_AT DATE,
    UPDATED_AT DATE,
    
    CONSTRAINT TF_DEPARTMENT_PARENT_DEPARTMENT_ID FOREIGN KEY (PARENT_DEPARTMENT_ID) REFERENCES TF_DEPARTMENT(ID)
);

CREATE SEQUENCE SEQ_TF_DEPARTMENT_PK
START WITH 1
INCREMENT BY 1
NOCYCLE;


CREATE TABLE TF_USER
(
    EMPNO NUMBER PRIMARY KEY,
    EMAIL VARCHAR2(60) NOT NULL,
    PASSWORD VARCHAR2(60) NOT NULL,
    NAME VARCHAR2(60),
    POSITION VARCHAR2(60),
    DEPTNO NUMBER NOT NULL,
    STATUS VARCHAR2(60),
    STARTED_AT DATE,
    CREATED_AT DATE,
    UPDATED_AT DATE,
    
     CONSTRAINT TF_USER_FK_DEPTNO FOREIGN Key(DEPTNO) REFERENCES TF_DEPARTMENT (DEPTNO)
);

CREATE TABLE TF_ROLE
(
    ID NUMBER PRIMARY KEY,
    NAME VARCHAR2(60) NOT NULL
);


CREATE SEQUENCE SEQ_TF_ROLE_PK
START WITH 1
INCREMENT BY 1
NOCYCLE;

CREATE TABLE TF_USER_ROLE
(
    ID NUMBER PRIMARY KEY,
    USER_ID NUMBER NOT NULL,
    ROLE_ID NUMBER NOT NULL,
    CREATED_AT DATE,
    
    CONSTRAINT TF_USER_ROLE_USER_ID FOREIGN KEY(USER_ID) REFERENCES TF_USER (EMPNO),
    CONSTRAINT TF_USER_ROLE_ROLE_ID FOREIGN KEY(ROLE_ID) REFERENCES TF_ROLE (ID)
);

CREATE SEQUENCE SEQ_TF_USER_ROLE_PK
START WITH 1
INCREMENT BY 1
NOCYCLE;

CREATE TABLE TF_PROJECT
(
    ID NUMBER PRIMARY KEY,
    OWNER_USER_ID NUMBER NOT NULL,
    NAME VARCHAR2(60) NOT NULL,
    DESCRIPTION VARCHAR2(4000),
    START_DATE DATE,
    END_DATE DATE,
    STATUS VARCHAR2(60),
    CREATED_AT DATE,
    UPDATED_AT DATE,
    
    CONSTRAINT TF_PROJECT_OWNER_USER_ID FOREIGN KEY(OWNER_USER_ID) REFERENCES TF_USER (EMPNO)
);

CREATE SEQUENCE SEQ_TF_PROJECT_PK
START WITH 1
INCREMENT BY 1
NOCYCLE;

CREATE TABLE TF_PROJECT_MEMBER
(
    ID NUMBER PRIMARY KEY,
    PROJECT_ID NUMBER NOT NULL,
    USER_ID NUMBER NOT NULL,
    PROJECT_ROLE VARCHAR2(60) DEFAULT 'MEMBER' NOT NULL ,
    STATUS VARCHAR2(60) DEFAULT 'ONGOING' NOT NULL ,
    JOINED_AT DATE,
    CREATED_AT DATE,
    
    CONSTRAINT TF_PROJECT_MEMBER_PROJECT_ID FOREIGN KEY(PROJECT_ID) REFERENCES TF_PROJECT (ID),
    CONSTRAINT TF_PROJECT_MEMBER_USER_ID FOREIGN KEY(USER_ID) REFERENCES TF_USER (EMPNO)
);

CREATE SEQUENCE SEQ_TF_PROJECT_MEMBER_PK
START WITH 1
INCREMENT BY 1
NOCYCLE;

CREATE TABLE TF_TASK
(
    ID NUMBER PRIMARY KEY,
    PROJECT_ID NUMBER NOT NULL,
    PARENT_TASK_ID NUMBER,
    NAME VARCHAR2(60) NOT NULL,
    DESCRIPTION VARCHAR2(4000),
    STATUS VARCHAR2(60) DEFAULT 'TODO' NOT NULL,
    PRIORITY VARCHAR2(60) DEFAULT 'MEDIUM' NOT NULL,
    START_DATE DATE,
    DUE_DATE DATE,
    PROGRESS_PERCENT NUMBER CHECK (PROGRESS_PERCENT BETWEEN 0 AND 100),
    CREATED_AT DATE,
    UPDATED_AT DATE,
    
    CONSTRAINT TF_TASK_PROJECT_ID FOREIGN KEY(PROJECT_ID) REFERENCES TF_PROJECT (ID),
    CONSTRAINT TF_TASK_PARENT_TASK_ID FOREIGN KEY (PARENT_TASK_ID) REFERENCES TF_TASK(ID)
);

CREATE SEQUENCE SEQ_TF_TASK_PK
START WITH 1
INCREMENT BY 1
NOCYCLE;

CREATE TABLE TF_TASK_ASSIGNEE
(
    ID NUMBER PRIMARY KEY,
    TASK_ID NUMBER NOT NULL,
    USER_ID NUMBER NOT NULL,
    STATUS VARCHAR2(60) DEFAULT 'ONGOING' NOT NULL,
    JOINED_AT DATE,
    
    CONSTRAINT TF_TASK_ASSIGNEE_TASK_ID FOREIGN KEY(TASK_ID) REFERENCES TF_TASK(ID),
    CONSTRAINT TF_TASK_ASSIGNEE_USER_ID FOREIGN KEY(USER_ID) REFERENCES TF_USER(EMPNO)
);

CREATE SEQUENCE SEQ_TF_TASK_ASSIGNEE_PK
START WITH 1
INCREMENT BY 1
NOCYCLE;

CREATE TABLE TF_TASK_STATUS_HISTORY
(
    ID NUMBER PRIMARY KEY,
    TASK_ID NUMBER NOT NULL,
    FROM_STATUS VARCHAR2(60),
    TO_STATUS VARCHAR2(60) NOT NULL,
    CHANGED_BY NUMBER NOT NULL,
    CHANGED_AT DATE,
    MEMO VARCHAR2(4000),
  
    CONSTRAINT TF_TASK_STATUS_HISTORY_TASK_ID FOREIGN KEY(TASK_ID) REFERENCES TF_TASK(ID),
    CONSTRAINT TF_TASK_STATUS_HISTORY_CHANGED_BY FOREIGN KEY(CHANGED_BY) REFERENCES TF_USER(EMPNO)
);

CREATE SEQUENCE SEQ_TF_TASK_STATUS_HISTORY_PK
START WITH 1
INCREMENT BY 1
NOCYCLE;

CREATE TABLE TF_CALENDAR_EVENT
(
    ID NUMBER PRIMARY KEY,
    USER_ID NUMBER NOT NULL,
    PROJECT_ID NUMBER,
    TASK_ID NUMBER,
    NAME VARCHAR2(60) NOT NULL,
    START_DATE DATE NOT NULL,
    END_DATE DATE NOT NULL,
    TYPE VARCHAR2(60) DEFAULT 'TASK' NOT NULL,
    CREATED_AT DATE,
    UPDATED_AT DATE,
    
    CONSTRAINT TF_CALENDAR_EVENT_USER_ID FOREIGN KEY(USER_ID) REFERENCES TF_USER(EMPNO),
    CONSTRAINT TF_CALENDAR_EVENT_PROJECT_ID FOREIGN KEY(PROJECT_ID) REFERENCES TF_PROJECT(ID),
    CONSTRAINT TF_CALENDAR_EVENT_TASK_ID FOREIGN KEY(TASK_ID) REFERENCES TF_TASK(ID)
);

CREATE SEQUENCE SEQ_TF_CALENDAR_EVENT_PK
START WITH 1
INCREMENT BY 1
NOCYCLE;

CREATE TABLE TF_BOARD
(
    ID NUMBER PRIMARY KEY,
    NAME VARCHAR2(60) NOT NULL,
    PROJECT_ID NUMBER,
    CREATED_AT DATE,
    
    CONSTRAINT TF_BOARD_PROJECT_ID FOREIGN KEY(PROJECT_ID) REFERENCES TF_PROJECT(ID)
);

CREATE SEQUENCE SEQ_TF_BOARD_PK
START WITH 1
INCREMENT BY 1
NOCYCLE;

CREATE TABLE TF_POST
(
    ID NUMBER PRIMARY KEY,
    BOARD_ID NUMBER NOT NULL,
    AUTHOR_USER_ID NUMBER NOT NULL,
    TITLE VARCHAR2(1000) NOT NULL,
    CONTENT VARCHAR2(4000),
    CREATED_AT DATE,
    UPDATED_AT DATE,
    
    CONSTRAINT TF_POST_BOARD_ID FOREIGN KEY(BOARD_ID) REFERENCES TF_BOARD(ID),
    CONSTRAINT TF_POST_AUTHOR_USER_ID FOREIGN KEY(AUTHOR_USER_ID) REFERENCES TF_USER(EMPNO)
);

CREATE SEQUENCE SEQ_TF_POST_PK
START WITH 1
INCREMENT BY 1
NOCYCLE;

CREATE TABLE TF_COMMENT
(
    ID NUMBER PRIMARY KEY,
    POST_ID NUMBER NOT NULL,
    AUTHOR_USER_ID NUMBER NOT NULL,
    PARENT_COMMENT_ID NUMBER,
    CONTENT VARCHAR2(4000) NOT NULL,
    CREATED_AT DATE,
    UPDATED_AT DATE,
    
    CONSTRAINT TF_COMMENT_POST_ID FOREIGN KEY(POST_ID) REFERENCES TF_POST(ID),
    CONSTRAINT TF_COMMENT_AUTHOR_USER_ID FOREIGN KEY(AUTHOR_USER_ID) REFERENCES TF_USER(EMPNO),
    CONSTRAINT TF_COMMENT_PARENT_COMMENT_ID FOREIGN KEY (PARENT_COMMENT_ID) REFERENCES TF_COMMENT(ID)
);

CREATE SEQUENCE SEQ_TF_COMMENT_PK
START WITH 1
INCREMENT BY 1
NOCYCLE;

CREATE TABLE TF_ATTACHMENT
(
    ID NUMBER PRIMARY KEY,
    UPLOADER_USER_ID NUMBER NOT NULL,
    POST_ID NUMBER,
    TASK_ID NUMBER,
    FILE_NAME VARCHAR2(4000) NOT NULL,
    ORIGINAL_FILE_NAME VARCHAR2(4000),
    FILE_URL VARCHAR2(4000),
    CREATED_AT DATE,
    
    CONSTRAINT TF_ATTACHMENT_UPLOADER_USER_ID FOREIGN KEY(UPLOADER_USER_ID) REFERENCES TF_USER(EMPNO),
    CONSTRAINT TF_ATTACHMENT_POST_ID FOREIGN KEY(POST_ID) REFERENCES TF_POST(ID),
    CONSTRAINT TF_ATTACHMENT_TASK_ID FOREIGN KEY(TASK_ID) REFERENCES TF_TASK(ID)
);

CREATE SEQUENCE SEQ_TF_ATTACHMENT_PK
START WITH 1
INCREMENT BY 1
NOCYCLE;   
    
CREATE TABLE TF_ISSUE
(
    ID NUMBER PRIMARY KEY,
    PROJECT_ID NUMBER NOT NULL,
    TASK_ID NUMBER,
    REPORTER_USER_ID NUMBER NOT NULL,
    TITLE VARCHAR2(1000) NOT NULL,
    CONTENT VARCHAR2(4000),
    STATUS VARCHAR2(60) DEFAULT 'UNREAD' NOT NULL,
    CREATED_AT DATE,
    UPDATED_AT DATE,
    
    CONSTRAINT TF_ISSUE_PROJECT_ID FOREIGN KEY(PROJECT_ID) REFERENCES TF_PROJECT(ID),
    CONSTRAINT TF_ISSUE_TASK_ID FOREIGN KEY(TASK_ID) REFERENCES TF_TASK(ID),
    CONSTRAINT TF_ISSUE_REPORTER_USER_ID FOREIGN KEY(REPORTER_USER_ID) REFERENCES TF_USER(EMPNO)
);

CREATE SEQUENCE SEQ_TF_ISSUE_PK
START WITH 1
INCREMENT BY 1
NOCYCLE; 

CREATE TABLE TF_NOTIFICATION
(
    ID NUMBER PRIMARY KEY,
    USER_ID NUMBER NOT NULL,
    TYPE VARCHAR2(60) NOT NULL,
    MESSAGE VARCHAR2(4000) NOT NULL,
    LINK_URL VARCHAR2(4000),
    IS_READ VARCHAR2(60) DEFAULT 'UNREAD' NOT NULL,
    CREATED_AT DATE,
    
    CONSTRAINT TF_NOTIFICATION_USER_ID FOREIGN KEY(USER_ID) REFERENCES TF_USER(EMPNO)
);

CREATE SEQUENCE SEQ_TF_NOTIFICATION_PK
START WITH 1
INCREMENT BY 1
NOCYCLE; 

CREATE TABLE TF_REPORT
(
    ID NUMBER PRIMARY KEY,
    PROJECT_ID NUMBER NOT NULL,
    AUTHOR_USER_ID NUMBER NOT NULL,
    PERIOD_TYPE VARCHAR2(60) NOT NULL,
    PERIOD_START DATE NOT NULL,
    PERIOD_END DATE NOT NULL,
    SUMMARY VARCHAR2(4000),
    ISSUE VARCHAR2(4000),
    CREATED_AT DATE,
    
    CONSTRAINT TF_REPORT_PROJECT_ID FOREIGN KEY(PROJECT_ID) REFERENCES TF_PROJECT(ID),
    CONSTRAINT TF_REPORT_AUTHOR_USER_ID FOREIGN KEY(AUTHOR_USER_ID) REFERENCES TF_USER(EMPNO)
);
    
CREATE SEQUENCE SEQ_TF_REPORT_PK
START WITH 1
INCREMENT BY 1
NOCYCLE;
    

INSERT INTO TF_DEPARTMENT
(ID, DEPTNO, NAME, PARENT_DEPARTMENT_ID, CREATED_AT, STARTED_AT, UPDATED_AT)
VALUES
(SEQ_TF_DEPARTMENT_PK.NEXTVAL, 100, '개발부', NULL, SYSDATE, SYSDATE, SYSDATE);

-- 부서 2
INSERT INTO TF_DEPARTMENT
VALUES
(SEQ_TF_DEPARTMENT_PK.NEXTVAL, 200, '인사부', NULL, SYSDATE, SYSDATE, SYSDATE);

-- 부서 3
INSERT INTO TF_DEPARTMENT
VALUES
(SEQ_TF_DEPARTMENT_PK.NEXTVAL, 300, '영업부', NULL, SYSDATE, SYSDATE, SYSDATE);

--어드민계정 생성
INSERT INTO TF_USER
(EMPNO, EMAIL, PASSWORD, NAME, POSITION, DEPTNO, STATUS, STARTED_AT, CREATED_AT, UPDATED_AT)
VALUES
(1000, 'admin@company.com', '12345678', '김부장', '부장', 100, 'ACTIVE', SYSDATE, SYSDATE, SYSDATE);

--개발부 사원8명 추가
INSERT INTO TF_USER VALUES (1001, 'dev1@company.com', '12345678', '개발1', '사원', 100, 'ACTIVE', SYSDATE, SYSDATE, SYSDATE);
INSERT INTO TF_USER VALUES (1002, 'dev2@company.com', '12345678', '개발2', '사원', 100, 'ACTIVE', SYSDATE, SYSDATE, SYSDATE);
INSERT INTO TF_USER VALUES (1003, 'dev3@company.com', '12345678', '개발3', '사원', 100, 'ACTIVE', SYSDATE, SYSDATE, SYSDATE);
INSERT INTO TF_USER VALUES (1004, 'dev4@company.com', '12345678', '개발4', '사원', 100, 'ACTIVE', SYSDATE, SYSDATE, SYSDATE);
INSERT INTO TF_USER VALUES (1005, 'dev5@company.com', '12345678', '개발5', '사원', 100, 'ACTIVE', SYSDATE, SYSDATE, SYSDATE);
INSERT INTO TF_USER VALUES (1006, 'dev6@company.com', '12345678', '개발6', '사원', 100, 'ACTIVE', SYSDATE, SYSDATE, SYSDATE);
INSERT INTO TF_USER VALUES (1007, 'dev7@company.com', '12345678', '개발7', '사원', 100, 'ACTIVE', SYSDATE, SYSDATE, SYSDATE);
INSERT INTO TF_USER VALUES (1008, 'dev8@company.com', '12345678', '개발8', '사원', 100, 'ACTIVE', SYSDATE, SYSDATE, SYSDATE);

--인사부 사원8명 추가
INSERT INTO TF_USER VALUES (1101, 'hr1@company.com', '12345678', '인사1', '사원', 200, 'ACTIVE', SYSDATE, SYSDATE, SYSDATE);
INSERT INTO TF_USER VALUES (1102, 'hr2@company.com', '12345678', '인사2', '사원', 200, 'ACTIVE', SYSDATE, SYSDATE, SYSDATE);
INSERT INTO TF_USER VALUES (1103, 'hr3@company.com', '12345678', '인사3', '사원', 200, 'ACTIVE', SYSDATE, SYSDATE, SYSDATE);
INSERT INTO TF_USER VALUES (1104, 'hr4@company.com', '12345678', '인사4', '사원', 200, 'ACTIVE', SYSDATE, SYSDATE, SYSDATE);
INSERT INTO TF_USER VALUES (1105, 'hr5@company.com', '12345678', '인사5', '사원', 200, 'ACTIVE', SYSDATE, SYSDATE, SYSDATE);
INSERT INTO TF_USER VALUES (1106, 'hr6@company.com', '12345678', '인사6', '사원', 200, 'ACTIVE', SYSDATE, SYSDATE, SYSDATE);
INSERT INTO TF_USER VALUES (1107, 'hr7@company.com', '12345678', '인사7', '사원', 200, 'ACTIVE', SYSDATE, SYSDATE, SYSDATE);
INSERT INTO TF_USER VALUES (1108, 'hr8@company.com', '12345678', '인사8', '사원', 200, 'ACTIVE', SYSDATE, SYSDATE, SYSDATE);

--영업부 사원8명 추가
INSERT INTO TF_USER VALUES (1201, 'sales1@company.com', '12345678', '영업1', '사원', 300, 'ACTIVE', SYSDATE, SYSDATE, SYSDATE);
INSERT INTO TF_USER VALUES (1202, 'sales2@company.com', '12345678', '영업2', '사원', 300, 'ACTIVE', SYSDATE, SYSDATE, SYSDATE);
INSERT INTO TF_USER VALUES (1203, 'sales3@company.com', '12345678', '영업3', '사원', 300, 'ACTIVE', SYSDATE, SYSDATE, SYSDATE);
INSERT INTO TF_USER VALUES (1204, 'sales4@company.com', '12345678', '영업4', '사원', 300, 'ACTIVE', SYSDATE, SYSDATE, SYSDATE);
INSERT INTO TF_USER VALUES (1205, 'sales5@company.com', '12345678', '영업5', '사원', 300, 'ACTIVE', SYSDATE, SYSDATE, SYSDATE);
INSERT INTO TF_USER VALUES (1206, 'sales6@company.com', '12345678', '영업6', '사원', 300, 'ACTIVE', SYSDATE, SYSDATE, SYSDATE);
INSERT INTO TF_USER VALUES (1207, 'sales7@company.com', '12345678', '영업7', '사원', 300, 'ACTIVE', SYSDATE, SYSDATE, SYSDATE);
INSERT INTO TF_USER VALUES (1208, 'sales8@company.com', '12345678', '영업8', '사원', 300, 'ACTIVE', SYSDATE, SYSDATE, SYSDATE);

INSERT INTO TF_ROLE VALUES(SEQ_TF_ROLE_PK.nextval, 'ADMIN');
INSERT INTO TF_ROLE VALUES(SEQ_TF_ROLE_PK.nextval, 'PM');
INSERT INTO TF_ROLE VALUES(SEQ_TF_ROLE_PK.nextval, 'MEMBER');

INSERT INTO TF_USER_ROLE VALUES(SEQ_TF_USER_ROLE_PK.nextval, 1000, 1,SYSDATE);

INSERT INTO TF_USER_ROLE VALUES(SEQ_TF_USER_ROLE_PK.nextval, 1001, 3,SYSDATE);
INSERT INTO TF_USER_ROLE VALUES(SEQ_TF_USER_ROLE_PK.nextval, 1002, 3,SYSDATE);
INSERT INTO TF_USER_ROLE VALUES(SEQ_TF_USER_ROLE_PK.nextval, 1003, 3,SYSDATE);
INSERT INTO TF_USER_ROLE VALUES(SEQ_TF_USER_ROLE_PK.nextval, 1004, 3,SYSDATE);
INSERT INTO TF_USER_ROLE VALUES(SEQ_TF_USER_ROLE_PK.nextval, 1005, 3,SYSDATE);
INSERT INTO TF_USER_ROLE VALUES(SEQ_TF_USER_ROLE_PK.nextval, 1006, 3,SYSDATE);
INSERT INTO TF_USER_ROLE VALUES(SEQ_TF_USER_ROLE_PK.nextval, 1007, 3,SYSDATE);
INSERT INTO TF_USER_ROLE VALUES(SEQ_TF_USER_ROLE_PK.nextval, 1008, 3,SYSDATE);


INSERT INTO TF_USER_ROLE VALUES(SEQ_TF_USER_ROLE_PK.nextval, 1101, 3,SYSDATE);
INSERT INTO TF_USER_ROLE VALUES(SEQ_TF_USER_ROLE_PK.nextval, 1102, 3,SYSDATE);
INSERT INTO TF_USER_ROLE VALUES(SEQ_TF_USER_ROLE_PK.nextval, 1103, 3,SYSDATE);
INSERT INTO TF_USER_ROLE VALUES(SEQ_TF_USER_ROLE_PK.nextval, 1104, 3,SYSDATE);
INSERT INTO TF_USER_ROLE VALUES(SEQ_TF_USER_ROLE_PK.nextval, 1105, 3,SYSDATE);
INSERT INTO TF_USER_ROLE VALUES(SEQ_TF_USER_ROLE_PK.nextval, 1106, 3,SYSDATE);
INSERT INTO TF_USER_ROLE VALUES(SEQ_TF_USER_ROLE_PK.nextval, 1107, 3,SYSDATE);
INSERT INTO TF_USER_ROLE VALUES(SEQ_TF_USER_ROLE_PK.nextval, 1108, 3,SYSDATE);

INSERT INTO TF_USER_ROLE VALUES(SEQ_TF_USER_ROLE_PK.nextval, 1201, 3,SYSDATE);
INSERT INTO TF_USER_ROLE VALUES(SEQ_TF_USER_ROLE_PK.nextval, 1202, 3,SYSDATE);
INSERT INTO TF_USER_ROLE VALUES(SEQ_TF_USER_ROLE_PK.nextval, 1203, 3,SYSDATE);
INSERT INTO TF_USER_ROLE VALUES(SEQ_TF_USER_ROLE_PK.nextval, 1204, 3,SYSDATE);
INSERT INTO TF_USER_ROLE VALUES(SEQ_TF_USER_ROLE_PK.nextval, 1205, 3,SYSDATE);
INSERT INTO TF_USER_ROLE VALUES(SEQ_TF_USER_ROLE_PK.nextval, 1206, 3,SYSDATE);
INSERT INTO TF_USER_ROLE VALUES(SEQ_TF_USER_ROLE_PK.nextval, 1207, 3,SYSDATE);
INSERT INTO TF_USER_ROLE VALUES(SEQ_TF_USER_ROLE_PK.nextval, 1208, 3,SYSDATE);

INSERT INTO TF_BOARD(ID, NAME) VALUES(SEQ_TF_BOARD_PK.nextval, '공지사항');
INSERT INTO TF_BOARD(ID, NAME) VALUES(SEQ_TF_BOARD_PK.nextval, '사내소통');
INSERT INTO TF_BOARD(ID, NAME) VALUES(SEQ_TF_BOARD_PK.nextval, '자유게시판');

alter table tf_calendar_event add E_ID VARCHAR(30);
alter table tf_calendar_event add E_TAG VARCHAR(20);
ALTER TABLE TF_TASK ADD OWNER_USER_ID NUMBER NOT NULL;
ALTER TABLE TF_REPORT ADD ISSUE VARCHAR2(4000);